SE NUM,MERCHANT LEVEL,MERCHANT ID,MERCHANTSTARTDATE, MERCHANTENDDATE,MERCHANTNAME
9300021525,C,,5/8/2013,6/20/2013,GILLIGAN'S NEIGHBOURHOOD      
9300095859,C,,5/8/2013,6/20/2013,KING CLEANERS                 
9300103513,C,,5/8/2013,6/20/2013,EMBASSY WEST HOTEL            
9300108249,C,,5/8/2013,6/20/2013,HB CANADA FO WAREHOUSE        
9300113231,C,,5/8/2013,6/20/2013,AMBASSADOR MOTEL              
9300172856,C,,5/8/2013,6/20/2013,RESIDENCE INN BY MARRIOTT     
9300204394,C,,5/8/2013,6/20/2013,LINDE CANADA LIMITED          
9300250611,C,,5/8/2013,6/20/2013,CANADORE COLLEGE              
9300255529,C,,5/8/2013,6/20/2013,TRENT HEALTH INSURANCE SE     
9300266484,C,,5/8/2013,6/20/2013,STERLING MARKING PRODUCTS     
9300303287,C,,5/8/2013,6/20/2013,PCO SERVICES                  
9300372829,C,,5/8/2013,6/20/2013,ALAMO RENT A CAR              
9300404010,C,,5/8/2013,6/20/2013,FOREST HILL NORTH AUTO CO     
9300505295,C,,5/8/2013,6/20/2013,ECONO LODGE INN AND SUITE     
9300512572,C,,5/8/2013,6/20/2013,COLONIAL MOTEL & RSTR         
9300515336,C,,5/8/2013,6/20/2013,AFFINITY LUXURY CAR RENTA     
9300515765,C,,5/8/2013,6/20/2013,LOCKSMITHS&SAFEMEN SEC        
9300530954,C,,5/8/2013,6/20/2013,METRO DRY CLEANERS            
9300540532,C,,5/8/2013,6/20/2013,TREEHELP.COM                  
9300564169,C,,5/8/2013,6/20/2013,TRUEXPERIENCES TOURS INC      
9300650844,C,,5/8/2013,6/20/2013,POPEYES CHICKEN  BISCUITS     
9300671311,C,,5/8/2013,6/20/2013,WHISTLE BEAR GOLF CLUB        
9300727600,C,,5/8/2013,6/20/2013,CENVEO MCLARENMORRIS&TODD     
9300774131,C,,5/8/2013,6/20/2013,TODMORDEN MILLS               
9300789550,C,,5/8/2013,6/20/2013,HARVEYS #0002940# QFF         
9300827483,C,,5/8/2013,6/20/2013,COOP CABS                     
9300866457,C,,5/8/2013,6/20/2013,B.SLEUTH & STATESMAN FCP      
9300875706,C,,5/8/2013,6/20/2013,CAFE MIRAGE                   
9300879880,C,,5/8/2013,6/20/2013,IMPERIAL OIL-KIOSK            
9300879898,C,,5/8/2013,6/20/2013,IMPERIAL OIL-TRANSPONDER      
9300879906,C,,5/8/2013,6/20/2013,IMPERIAL OIL-UNMANNED         
9300891265,C,,5/8/2013,6/20/2013,JET LINK PRTG AND COMMS       
9300920890,C,,5/8/2013,6/20/2013,BUDGET RENT A CAR             
9300930691,C,,5/8/2013,6/20/2013,PODS CANADA                   
9301038668,C,,5/8/2013,6/20/2013,MURPHY'S RESTAURANT           
9301039278,C,,5/8/2013,6/20/2013,JAKE'S BOATHOUSE              
9301053923,C,,5/8/2013,6/20/2013,NEW DUBROUNIK'S RESTR.        
9301055563,C,,5/8/2013,6/20/2013,BARREL PZA & SPGHTTI HSE      
9301068848,C,,5/8/2013,6/20/2013,GOLDED PIZZA                  
9301070752,C,,5/8/2013,6/20/2013,CHIPICAN RESTAURANT           
9301089182,C,,5/8/2013,6/20/2013,PARADIS BRASSERIE BISTRO      
9301142106,C,,5/8/2013,6/20/2013,GILLIGAN'S NEIGHBOURHOOD      
9301202694,C,,5/8/2013,6/20/2013,BROOKLEA PRACTICE FCLTY       
9301210366,C,,5/8/2013,6/20/2013,ARMANDO'S PIZZERIA            
9301244563,C,,5/8/2013,6/20/2013,SECOND CUP #09053# QFF        
9301248606,C,,5/8/2013,6/20/2013,EDUKIDS CHILD CARE CTR        
9301359247,C,,5/8/2013,6/20/2013,BUDGET RENT A CAR             
9301367232,C,,5/8/2013,6/20/2013,CHOICE OF THE ORIENT          
9301377454,C,,5/8/2013,6/20/2013,THE TERRACE FOOD COURT        
9301430881,C,,5/8/2013,6/20/2013,INTERLINC DIRECT              
9301430915,C,,5/8/2013,6/20/2013,QUIZNO'S                      
9301432036,C,,5/8/2013,6/20/2013,JACCO TOURS ONTARIO           
9301476504,C,,5/8/2013,6/20/2013,STANDARDBRED CANADA INC       
9301511235,C,,5/8/2013,6/20/2013,STEVEN LAU EYECARE SERVIC     
9301528114,C,,5/8/2013,6/20/2013,THE ALTERED NATIVE INC.       
9301589207,C,,5/8/2013,6/20/2013,LOWES COMPANIES CANADA        
9301623873,C,,5/8/2013,6/20/2013,APPLE SELF STORAGE            
9301656832,C,,5/8/2013,6/20/2013,LIFESTYLES CANADA             
9301716453,C,,5/8/2013,6/20/2013,SESCOLITE LIGHTING            
9301739158,C,,5/8/2013,6/20/2013,SPECTRUM TEL                  
9301746849,C,,5/8/2013,6/20/2013,COLORWORKS AUTO SERVICES      
9301766565,C,,5/8/2013,6/20/2013,THE FLOOR SHOP                
9301794344,C,,5/8/2013,6/20/2013,TRUCANADA.COM                 
9301907888,C,,5/8/2013,6/20/2013,CANPARK SERVICES LTD.         
9301912409,C,,5/8/2013,6/20/2013,PARTY PACKAGERS               
9301960952,C,,5/8/2013,6/20/2013,VERITY CLUB                   
9301963402,C,,5/8/2013,6/20/2013,DOMINO'S PIZZA #10436         
9301979598,C,,5/8/2013,6/20/2013,ZABIAN'S                      
9301980745,C,,5/8/2013,6/20/2013,SUBWAY #24691                 
9301982113,C,,5/8/2013,6/20/2013,CAN FUELS                     
9302037511,C,,5/8/2013,6/20/2013,THORNHILL HYUNDAI             
9302061313,C,,5/8/2013,6/20/2013,SWISS CHALET #1945            
9302072716,C,,5/8/2013,6/20/2013,RISTORANTE DA NOI             
9302073565,C,,5/8/2013,6/20/2013,BELLEVILLE GENERAL HSPTL      
9302095311,C,,5/8/2013,6/20/2013,HAPPY DAYZ                    
9302108114,C,,5/8/2013,6/20/2013,THE PHILOSOPHER'S STONE       
9302111746,C,,5/8/2013,6/20/2013,CROSS ROAD GAS                
9302125308,C,,5/8/2013,6/20/2013,TIREMASTER LIMITED            
9302128021,C,,5/8/2013,6/20/2013,3ZONES HOCKEY SCHOOL          
9302128286,C,,5/8/2013,6/20/2013,PURE + SIMPLE                 
9302142105,C,,5/8/2013,6/20/2013,CHEEKY MONKEY INC.            
9302143418,C,,5/8/2013,6/20/2013,SWISS CHALET                  
9302146684,C,,5/8/2013,6/20/2013,SCHNEIDER'S COMPUTING         
9302146981,C,,5/8/2013,6/20/2013,NINE WAVES                    
9302151940,C,,5/8/2013,6/20/2013,ALTRUCK INTERNATIONAL TRU     
9302160545,C,,5/8/2013,6/20/2013,ARCHER TRUCK SERVICES LTD     
9302162566,C,,5/8/2013,6/20/2013,CENTRON SELF STORAGE CHES     
9302165130,C,,5/8/2013,6/20/2013,CRATE&BARREL CA HOUSEWARE     
9302177408,C,,5/8/2013,6/20/2013,ERUDIT RUSSIAN BOOKS          
9302187597,C,,5/8/2013,6/20/2013,STORE N SAVE                  
9302195574,C,,5/8/2013,6/20/2013,GEORGIAN BAY PROPANE          
9302215109,C,,5/8/2013,6/20/2013,WESTERN FAIR ASSOCIATION      
9302227070,C,,5/8/2013,6/20/2013,SERENDIB PAINTS AND DECOR     
9302227716,C,,5/8/2013,6/20/2013,IIBS INC                      
9302231585,C,,5/8/2013,6/20/2013,TRINITY COLLEGE SCHOOL        
9302239075,C,,5/8/2013,6/20/2013,SECOND CUP # 09139# QFF       
9302249553,C,,5/8/2013,6/20/2013,PAPA JOHN'S PIZZA WELLING     
9302255485,C,,5/8/2013,6/20/2013,RIPLEYS BELIEVE IT OR NOT     
9302267787,C,,5/8/2013,6/20/2013,CANADIAN AESTHETIC ACADEM     
9302280137,C,,5/8/2013,6/20/2013,SWISS CHALET #1942            
9302293700,C,,5/8/2013,6/20/2013,LIQUIDATION CENTER OF CAN     
9302297891,C,,5/8/2013,6/20/2013,SWISS CHALET #1173            
9302298923,C,,5/8/2013,6/20/2013,ENTERPRISE RAC CY99           
9302299319,C,,5/8/2013,6/20/2013,CELESTIAL REGISTERED MASS     
9302299343,C,,5/8/2013,6/20/2013,ESSA VALLEY LILIES            
9302299582,C,,5/8/2013,6/20/2013,TAXI SERVICES                 
9302300067,C,,5/8/2013,6/20/2013,ONT NORTHLAND TRANS COMM      
9302305058,C,,5/8/2013,6/20/2013,MIND GAMES                    
9302308789,C,,5/8/2013,6/20/2013,REIDS PRECAST CEMENT PROD     
9302310066,C,,5/8/2013,6/20/2013,BIG BEE FOOD MART             
9302310108,C,,5/8/2013,6/20/2013,PIONEER SALES                 
9302310942,C,,5/8/2013,6/20/2013,CAR PARK 1138 BATHURST ST     
9302313599,C,,5/8/2013,6/20/2013,COMMONS DRY CLEANERS          
9302314670,C,,5/8/2013,6/20/2013,EXOVA                         
9302314712,C,,5/8/2013,6/20/2013,WORLDBRIDGE SERVICES-OTTA     
9302314878,C,,5/8/2013,6/20/2013,THE TRAVEL FIRM               
9302323572,C,,5/8/2013,6/20/2013,SILK PLANT WAREHOUSE          
9302325023,C,,5/8/2013,6/20/2013,CAN PARK SERVICES             
9302327243,C,,5/8/2013,6/20/2013,SETA INVESTMENTS              
9302331922,C,,5/8/2013,6/20/2013,OAKWOOD INN CLUBHOUSE PUB     
9302340667,C,,5/8/2013,6/20/2013,HARVEY'S #0002550# QFF        
9302342754,C,,5/8/2013,6/20/2013,RIVERSIDE SOUTH MEDICAL       
9302345757,C,,5/8/2013,6/20/2013,CALEDON PROPANE INC.          
9302345765,C,,5/8/2013,6/20/2013,NEPHIN & WINTER CHARTERED     
9302356812,C,,5/8/2013,6/20/2013,BLUE BALLS                    
9302357448,C,,5/8/2013,6/20/2013,CAR PARK LOT #75              
9302360277,C,,5/8/2013,6/20/2013,YAZZ CLEANERS                 
9302366902,C,,5/8/2013,6/20/2013,BROOKFIELD PLACE              
9302368973,C,,5/8/2013,6/20/2013,VENUS BEAUTY SUPPLIES LTD     
9302369013,C,,5/8/2013,6/20/2013,FIVE GUYS BURGERS & FRIES     
9302381604,C,,5/8/2013,6/20/2013,LAURIN OPTOMETRY              
9302387890,C,,5/8/2013,6/20/2013,FUTURE WIRELESS COMM (SC)     
9302392882,C,,5/8/2013,6/20/2013,JUICY COUTURE CANADA          
9302394516,C,,5/8/2013,6/20/2013,THE BEACH TANNING SALON       
9302394532,C,,5/8/2013,6/20/2013,NICK'S CLEANERS               
9302399093,C,,5/8/2013,6/20/2013,D'MEDICI FOOTWEAR             
9302400016,C,,5/8/2013,6/20/2013,YVR                           
9302400065,C,,5/8/2013,6/20/2013,AERO MEXICO BSP CANADA        
9302400073,C,,5/8/2013,6/20/2013,UNITED AIRLINES               
9302400255,C,,5/8/2013,6/20/2013,LACSA AIRLINES                
9302417275,C,,5/8/2013,6/20/2013,DEMOL'S TIRE SALES & SERV     
9302424982,C,,5/8/2013,6/20/2013,RICKBI HEARING CLINIC         
9302426508,C,,5/8/2013,6/20/2013,O.N.A.S. COMMUNICATIONS       
9302428397,C,,5/8/2013,6/20/2013,DYMONMINE                     
9302441093,C,,5/8/2013,6/20/2013,LA SHOE                       
9302442307,C,,5/8/2013,6/20/2013,JIFFY LUBE                    
9302444857,C,,5/8/2013,6/20/2013,GLEBE FITNESS                 
9302450136,C,,5/8/2013,6/20/2013,THE CORPORATION OF THE CI     
9302452157,C,,5/8/2013,6/20/2013,LID #305776                   
9302461257,C,,5/8/2013,6/20/2013,HAWKESBURY ANIMAL HOSPITA     
9302465282,C,,5/8/2013,6/20/2013,DR. SANDHU BOVAIRD/CHINGU     
9302465647,C,,5/8/2013,6/20/2013,FLOWERS BY SEARS              
9302472122,C,,5/8/2013,6/20/2013,LOUIES SPORTSWEAR AND PRO     
9302484606,C,,5/8/2013,6/20/2013,JOSHUA PERETS 33              
9302486262,C,,5/8/2013,6/20/2013,AJAX PUBLIC LIBRARY           
9302522215,C,,5/8/2013,6/20/2013,SUPPLEMENT SOURCE             
9302527032,C,,5/8/2013,6/20/2013,KRUGER INC.                   
9302527412,C,,5/8/2013,6/20/2013,STEPPING OUT                  
9302527883,C,,5/8/2013,6/20/2013,MONSTER BLOWOUT HALLOWEEN     
9302536801,C,,5/8/2013,6/20/2013,STORE N SAVE                  
9302538377,C,,5/8/2013,6/20/2013,URBANA COFFEE                 
9302539466,C,,5/8/2013,6/20/2013,STORE N SAVE                  
9302544821,C,,5/8/2013,6/20/2013,OPTOMETRIST - DR J MORRIS     
9302545828,C,,5/8/2013,6/20/2013,DR. DONKO                     
9302550612,C,,5/8/2013,6/20/2013,CLEVELANDS HOUSE              
9302550703,C,,5/8/2013,6/20/2013,HILLARY CLEANERS - WELLIN     
9302555322,C,,5/8/2013,6/20/2013,CELLULAR UNLIMITED            
9302564910,C,,5/8/2013,6/20/2013,NCR CANADA LTD                
9302572681,C,,5/8/2013,6/20/2013,BRAND NAMES 2 GO              
9302578845,C,,5/8/2013,6/20/2013,SUPER LUBE                    
9302591608,C,,5/8/2013,6/20/2013,BIG IT UP INTERNATIONAL       
9302593265,C,,5/8/2013,6/20/2013,GETTICKETS.CA                 
9302607727,C,,5/8/2013,6/20/2013,CANADA POST FRANCHISE         
9302608394,C,,5/8/2013,6/20/2013,GALAPAGOS TOURS               
9302626479,C,,5/8/2013,6/20/2013,KEMBER HARDWOOD FLOORING      
9302627220,C,,5/8/2013,6/20/2013,CAA KINGSTON                  
9302688628,C,,5/8/2013,6/20/2013,DELTA OPTICAL SQUARE ONE      
9302700084,C,,5/8/2013,6/20/2013,UNITED AIRLINES               
9302704045,C,,5/8/2013,6/20/2013,KOREAN AIRLINES               
9302704078,C,,5/8/2013,6/20/2013,PHILIPPINE AIRLINES           
9302704094,C,,5/8/2013,6/20/2013,HAWAIIAN AIRLINES             
9302705026,C,,5/8/2013,6/20/2013,AVIANCA AIRLINES              
9302705042,C,,5/8/2013,6/20/2013,ALITALIA                      
9302705067,C,,5/8/2013,6/20/2013,ALASKA AIRLINES INC           
9302707360,C,,5/8/2013,6/20/2013,HOME PLUS                     
9302731543,C,,5/8/2013,6/20/2013,NORTHERN SPIRIT               
9302733747,C,,5/8/2013,6/20/2013,FOODLAND #6268                
9302736583,C,,5/8/2013,6/20/2013,BUFFALO WILD WINGS            
9302741542,C,,5/8/2013,6/20/2013,ROBERT Q AIRBUS               
9302741575,C,,5/8/2013,6/20/2013,MARGARITAVILLE NIAGARA FA     
9302743241,C,,5/8/2013,6/20/2013,HERBAL ONE                    
9302754008,C,,5/8/2013,6/20/2013,JOURNEYS #835005              
9302760534,C,,5/8/2013,6/20/2013,DUVET COMFORT INC             
9302765608,C,,5/8/2013,6/20/2013,VALET CAR WASH                
9302773495,C,,5/8/2013,6/20/2013,MILESTONE'S # 5219            
9302785069,C,,5/8/2013,6/20/2013,THE STONE CENTRE              
9302788683,C,,5/8/2013,6/20/2013,THE UPS STORE #400            
9302792446,C,,5/8/2013,6/20/2013,TUBS- MARKHAM                 
9302799169,C,,5/8/2013,6/20/2013,FESTIVAL TENT & PARTY REN     
9302800298,C,,5/8/2013,6/20/2013,NOLITOURS                     
9302802401,C,,5/8/2013,6/20/2013,ACCESS STORAGE                
9302841375,C,,5/8/2013,6/20/2013,THE MONTEREY HOTEL            
9302842118,C,,5/8/2013,6/20/2013,SUNRISE BAR AND RESTAURAN     
9302845616,C,,5/8/2013,6/20/2013,JM (CANADA) INC.              
9302846044,C,,5/8/2013,6/20/2013,JOSHUA PERETS 45              
9302850467,C,,5/8/2013,6/20/2013,YHM GRILL  BAR  PATIO         
9302858312,C,,5/8/2013,6/20/2013,CUBE WORKS STUDIO             
9302860227,C,,5/8/2013,6/20/2013,LATHAM SPLASH CANADA INC      
9302862876,C,,5/8/2013,6/20/2013,EUROSPORTS MARKHAM            
9302864955,C,,5/8/2013,6/20/2013,ATCAN APPLE SELF STORAGE      
9302867735,C,,5/8/2013,6/20/2013,THE POTTERY SUPPLY HOUSE      
9302869319,C,,5/8/2013,6/20/2013,DYMON SELF STORAGE - COV      
9302870283,C,,5/8/2013,6/20/2013,STURGEON FALLS KOA            
9302872313,C,,5/8/2013,6/20/2013,JOURNEYS #835012              
9302892089,C,,5/8/2013,6/20/2013,PACIFIC GATEWAY INTL CLG      
9302905014,C,,5/8/2013,6/20/2013,OFFICE COFFEE SOLUTIONS       
9302905048,C,,5/8/2013,6/20/2013,ENTERTAINMENT OVERLOAD        
9302910600,C,,5/8/2013,6/20/2013,JOURNEYS #835019              
9302921136,C,,5/8/2013,6/20/2013,OTTAWA INTERNATIONALS SOC     
9302922712,C,,5/8/2013,6/20/2013,WAUPOOS ESTATES WINERY        
9302926762,C,,5/8/2013,6/20/2013,KELSEYS #7664                 
9302931705,C,,5/8/2013,6/20/2013,FOODLAND #6735                
9302943510,C,,5/8/2013,6/20/2013,MILLCROFT CATERING            
9302961512,C,,5/8/2013,6/20/2013,ISLAND INK JET-ORLEANS        
9302963302,C,,5/8/2013,6/20/2013,THE GARDNER GALLERIES         
9302966586,C,,5/8/2013,6/20/2013,KABOOM.COM                    
9302968251,C,,5/8/2013,6/20/2013,MOUNTAIN VISTA VETERINARY     
9302968657,C,,5/8/2013,6/20/2013,FIVE GUYS BURGERS & FRIES     
9302970331,C,,5/8/2013,6/20/2013,DAVE'S WORLD                  
9302971735,C,,5/8/2013,6/20/2013,LIDS LOCKER ROOM #305798      
9302992996,C,,5/8/2013,6/20/2013,KABOOM.COM                    
9302997870,C,,5/8/2013,6/20/2013,ACCESS STORAGE                
9302998159,C,,5/8/2013,6/20/2013,MCDONALD RESTAURANT           
9303001615,C,,5/8/2013,6/20/2013,LIDS #307708                  
9303007687,C,,5/8/2013,6/20/2013,DOMINO'S PIZZA # 10262        
9303615166,C,,5/8/2013,6/20/2013,PENSKE TRUCK LEASING          
9303907001,C,,5/8/2013,6/20/2013,AVIS CANADA                   
9303940366,C,,5/8/2013,6/20/2013,ENTERPRISE RAC                
9304460182,C,,5/8/2013,6/20/2013,SUGAR & SPICE CHOCOLATE       
9304504955,C,,5/8/2013,6/20/2013,SHORT MAN BY BROWN'S          
9304507024,C,,5/8/2013,6/20/2013,NUCREATION FASHIONS LTD       
9304510143,C,,5/8/2013,6/20/2013,SHEPHERD'S                    
9304512107,C,,5/8/2013,6/20/2013,OPTIONS FOR HER               
9304513675,C,,5/8/2013,6/20/2013,ANDERSON FLOWERS & GIFTS      
9304619167,C,,5/8/2013,6/20/2013,SOUVENIR CITY                 
9304729735,C,,5/8/2013,6/20/2013,FLOYD'S GLASS                 
9304730097,C,,5/8/2013,6/20/2013,ESQUIRE FASHIONS              
9304817506,C,,5/8/2013,6/20/2013,ZIGGY'S FANTASTIC FOODS       
9304826051,C,,5/8/2013,6/20/2013,ONE STOP BRAKE                
9304827067,C,,5/8/2013,6/20/2013,Y.M.C.A OF GREATERTORONTO     
9304830590,C,,5/8/2013,6/20/2013,MIDTOWN FURNITURE LTD         
9304851265,C,,5/8/2013,6/20/2013,MERCURY BLUEPRINTING          
9304851307,C,,5/8/2013,6/20/2013,KIRBY HICKMAN TORONTO         
9304855993,C,,5/8/2013,6/20/2013,CARSWELL A THOMSON REUTER     
9304860100,C,,5/8/2013,6/20/2013,CANADIAN STANDARDS ASSOCI     
9304861785,C,,5/8/2013,6/20/2013,MRS. TIGGY WINKLE'S           
9304865554,C,,5/8/2013,6/20/2013,SANDY WHITE                   
9304867444,C,,5/8/2013,6/20/2013,HONEY'S                       
9304870471,C,,5/8/2013,6/20/2013,MORNINGSTAR TRADING CO LT     
9304871701,C,,5/8/2013,6/20/2013,TIMOTHY'S COFFEES OF WRLD     
9304873566,C,,5/8/2013,6/20/2013,GREAT METROPOLITAN SOUND      
9304876593,C,,5/8/2013,6/20/2013,MASTERBEDROOM INC             
9304883334,C,,5/8/2013,6/20/2013,TELEFLORA CANADA INC          
9304916852,C,,5/8/2013,6/20/2013,CHRISTOPHER CLOTHES LTD       
9304996508,C,,5/8/2013,6/20/2013,KERNELS                       
9305035470,C,,5/8/2013,6/20/2013,PROGRESS LUV2PAK INTL LTD     
9305106198,C,,5/8/2013,6/20/2013,URBAN TRAVELLER               
9305200777,C,,5/8/2013,6/20/2013,DUNNETTE OVERGAARD JWLRS      
9305201403,C,,5/8/2013,6/20/2013,JORDAN STUART JEWELLERS       
9305201809,C,,5/8/2013,6/20/2013,JUBILEE JEWELLERS INC         
9305203672,C,,5/8/2013,6/20/2013,RINGS ETCETERA JEWELLERS      
9305205594,C,,5/8/2013,6/20/2013,SUMNER JEWELLERS              
9305249998,C,,5/8/2013,6/20/2013,KAREN'S FINE JEWELRY INC      
9305305386,C,,5/8/2013,6/20/2013,ROADPOST                      
9305308810,C,,5/8/2013,6/20/2013,ATTN: AMIR LUBELSKI           
9305335458,C,,5/8/2013,6/20/2013,DEIR ELECTRONICS              
9305340912,C,,5/8/2013,6/20/2013,ALGONQUIN OUTFITTERS          
9305500176,C,,5/8/2013,6/20/2013,TIRECO CANADA                 
9305501281,C,,5/8/2013,6/20/2013,ROGERS CABLESYSTEMS           
9305543648,C,,5/8/2013,6/20/2013,LENCO WELDING ACCES LTD       
9305551195,C,,5/8/2013,6/20/2013,KUDA GALLERY IMPORTS          
9305562119,C,,5/8/2013,6/20/2013,BIJOU                         
9305690688,C,,5/8/2013,6/20/2013,DRUG TRADING-INDEPENDENT      
9305700362,C,,5/8/2013,6/20/2013,THE BAY                       
9305701824,C,,5/8/2013,6/20/2013,SEARS/CATALOGUE GROUP         
9305705114,C,,5/8/2013,6/20/2013,WAL-MART                      
9305923808,C,,5/8/2013,6/20/2013,WESTBURNE INDUSTRIAL ENT      
9305935497,C,,5/8/2013,6/20/2013,MAC AT ALDEN EMPLOYEE STO     
9305940786,C,,5/8/2013,6/20/2013,TIREMASTER LIMITED            
9305941420,C,,5/8/2013,6/20/2013,MINI WOODBRIDGE               
9305946205,C,,5/8/2013,6/20/2013,JACADI                        
9306412835,C,,5/8/2013,6/20/2013,MUFFLERMAN                    
9306439770,C,,5/8/2013,6/20/2013,BARNES DISTRIBUTION           
9306503823,C,,5/8/2013,6/20/2013,AAROPORT LIMOUSINE SRVCS      
9306504128,C,,5/8/2013,6/20/2013,ROY THOMSON HALL              
9306504235,C,,5/8/2013,6/20/2013,U-HAUL OF CANADA              
9306529695,C,,5/8/2013,6/20/2013,PRESENTATION SVC HEAD OFF     
9306532343,C,,5/8/2013,6/20/2013,INTERNETSECURE                
9306563009,C,,5/8/2013,6/20/2013,HAKIM OPTICAL                 
9306591562,C,,5/8/2013,6/20/2013,UPS BROK 1-888-520-9090       
9306597759,C,,5/8/2013,6/20/2013,CDN NATL SPRTSMN SHOW LTD     
9306640765,C,,5/8/2013,6/20/2013,OSHAWA GENERAL HOSPITAL       
9306651457,C,,5/8/2013,6/20/2013,SIGMA-ALDRICH CANADA LTD      
9306703779,C,,5/8/2013,6/20/2013,TENNIS CANADA                 
9306731606,C,,5/8/2013,6/20/2013,STANLEY SEC SOL CANADA CO     
9306800443,C,,5/8/2013,6/20/2013,UNITED RNTLS-ONTARIO DIST     
9306979916,C,,5/8/2013,6/20/2013,YMCA OF OAKVILLE              
9308400028,C,,5/8/2013,6/20/2013,SHELL-KIOSK                   
9308447094,C,,5/8/2013,6/20/2013,XTR ENERGY                    
9308448902,C,,5/8/2013,6/20/2013,PETRO-CANADA INC              
9308480558,C,,5/8/2013,6/20/2013,SEAWAY GAS & FUELS LTD        
9310001616,C,,5/8/2013,6/20/2013,SKYLINK VOYAGES INC           
9310011037,C,,5/8/2013,6/20/2013,MONDEMAG                      
9310054888,C,,5/8/2013,6/20/2013,FDTN QC CANCER CAP PHYSCL     
9310104758,C,,5/8/2013,6/20/2013,ROYAL TERRACE APT HOTEL       
9310105508,C,,5/8/2013,6/20/2013,AUBERGE DE LA CHOUETTE        
9310105623,C,,5/8/2013,6/20/2013,HTL MOTEL SEPT ILES           
9310108361,C,,5/8/2013,6/20/2013,HOTEL SEPIA                   
9310171492,C,,5/8/2013,6/20/2013,BEDERA                        
9310288114,C,,5/8/2013,6/20/2013,BIJOUTERIE MONACO             
9310342077,C,,5/8/2013,6/20/2013,FANTASIA                      
9310343018,C,,5/8/2013,6/20/2013,NOVEXCO INC                   
9310375861,C,,5/8/2013,6/20/2013,POTVIN & BOUCHARD INC.        
9310380341,C,,5/8/2013,6/20/2013,L'ORGANISATION DE LA JEUN     
9310510764,C,,5/8/2013,6/20/2013,MOTEL IDEAL PONT-VIAU         
9310579710,C,,5/8/2013,6/20/2013,CR001 QUEBEC                  
9310626933,C,,5/8/2013,6/20/2013,BIBA SIGNATURE                
9310647806,C,,5/8/2013,6/20/2013,PIECES D'AUTO JEAN-TALON      
9310650974,C,,5/8/2013,6/20/2013,BOUTIQUE HORS-TAXES PHILI     
9310667499,C,,5/8/2013,6/20/2013,CONCEPTION CUIR               
9310670014,C,,5/8/2013,6/20/2013,EUREKA SOLUTIONS              
9310671459,C,,5/8/2013,6/20/2013,INSPEC SOL INC                
9310681151,C,,5/8/2013,6/20/2013,BELVU CROISIERE BOUTIQUE      
9310704011,C,,5/8/2013,6/20/2013,LES IMPORTATIONS BRIAN        
9310708129,C,,5/8/2013,6/20/2013,MITCHELL LINCOLN PKG          
9310717625,C,,5/8/2013,6/20/2013,CHAUSSURES VERONA             
9310731477,C,,5/8/2013,6/20/2013,CAFE BISTRO FIN GOURMET       
9310756250,C,,5/8/2013,6/20/2013,IMPRIMERIE LEONARD            
9310760369,C,,5/8/2013,6/20/2013,FLORAL NEXUS                  
9310765806,C,,5/8/2013,6/20/2013,NETTOYEUR EXPRESS             
9310767752,C,,5/8/2013,6/20/2013,NETTOYEUR DAOUST              
9310770848,C,,5/8/2013,6/20/2013,CHAUSSURES FILLION SPORT      
9310776068,C,,5/8/2013,6/20/2013,NETTOYEURS DAOUST             
9310776910,C,,5/8/2013,6/20/2013,JOSHUA PERETS 13              
9310788790,C,,5/8/2013,6/20/2013,CEO MEDIC ST-EUSTACHE         
9310795514,C,,5/8/2013,6/20/2013,HYDRAULIQUE SERVICE           
9310797361,C,,5/8/2013,6/20/2013,VOYAGES CHARTIER              
9310800561,C,,5/8/2013,6/20/2013,LES CAFES SUMMUM LA BAIE      
9310801494,C,,5/8/2013,6/20/2013,LANIEL PRODAMEX INC           
9310839734,C,,5/8/2013,6/20/2013,LA CACHE # 110                
9310847026,C,,5/8/2013,6/20/2013,FUTUR PLUS/VISTA ELECTRIC     
9310852091,C,,5/8/2013,6/20/2013,KOA BAS ST LAURENT            
9310887626,C,,5/8/2013,6/20/2013,ECONOVIN                      
9310910790,C,,5/8/2013,6/20/2013,CINEPLEX STARBURST INC        
9310925517,C,,5/8/2013,6/20/2013,JOSHUA PERETS 35              
9310926937,C,,5/8/2013,6/20/2013,LIDS #305783                  
9310935532,C,,5/8/2013,6/20/2013,ACAD. EDITH SEREI LAVAL       
9311011598,C,,5/8/2013,6/20/2013,LE REST LA TYROLIENNE INC     
9311013073,C,,5/8/2013,6/20/2013,THURSDAY/ HOTEL MONTAGNE      
9311034681,C,,5/8/2013,6/20/2013,RESTAURANT L EXPRESS          
9311036009,C,,5/8/2013,6/20/2013,CAFE DE PARIS                 
9311039755,C,,5/8/2013,6/20/2013,RESTAURANT D'YOUVILLE         
9311040548,C,,5/8/2013,6/20/2013,MONT TOURBILLON INC           
9311054283,C,,5/8/2013,6/20/2013,"HEBERT, FERLATTE ET ASSOC     "
9311055082,C,,5/8/2013,6/20/2013,IL FOCOLAIO                   
9311081393,C,,5/8/2013,6/20/2013,OPTIQUE SYLVAIN DEMONTIGN     
9311084942,C,,5/8/2013,6/20/2013,DEPOTIUM                      
9311159660,C,,5/8/2013,6/20/2013,RST BUONA NOTTE               
9311180260,C,,5/8/2013,6/20/2013,CAFE QUATRE JEUDIS LTEE       
9313612591,C,,5/8/2013,6/20/2013,ENTERPRISE RAC C799           
9313626112,C,,5/8/2013,6/20/2013,C/O HERTZ DATA CENTER         
9313902935,C,,5/8/2013,6/20/2013,THRIFTY LOC D'AUTO            
9314506677,C,,5/8/2013,6/20/2013,JONATHAN ROCHE                
9314510034,C,,5/8/2013,6/20/2013,LES VET H VEZINA INC          
9314521676,C,,5/8/2013,6/20/2013,BOUTIQUE COLORI INC           
9314600504,C,,5/8/2013,6/20/2013,RODRIGUE BEDARD ENR           
9314604456,C,,5/8/2013,6/20/2013,BOUTIQUE LE CHANDELIER        
9314614141,C,,5/8/2013,6/20/2013,LIBRAIRIE DONJON INC          
9314702383,C,,5/8/2013,6/20/2013,MATHEW CHARLES                
9314775132,C,,5/8/2013,6/20/2013,AERRIANTA INT'L N.A. INC      
9314813016,C,,5/8/2013,6/20/2013,BOITEAU LUMINAIRE INC         
9314817009,C,,5/8/2013,6/20/2013,ENCADREMENTS STE-ANNE INC     
9314827180,C,,5/8/2013,6/20/2013,BAMBINO                       
9314833071,C,,5/8/2013,6/20/2013,RADIO ST HUBERT               
9314837973,C,,5/8/2013,6/20/2013,BOUTIQUE SKI MICHEL           
9314853426,C,,5/8/2013,6/20/2013,MILLION TAPIS & TUILES        
9314855264,C,,5/8/2013,6/20/2013,TENNIS 13 INC                 
9314855314,C,,5/8/2013,6/20/2013,RB MTL                        
9314855819,C,,5/8/2013,6/20/2013,LES EDTNS FLAMMARION LTEE     
9314858441,C,,5/8/2013,6/20/2013,BOUTIQUE DU LYS G.C. LTEE     
9314877003,C,,5/8/2013,6/20/2013,ZEIDEL PINSKY OPTOMETRSTS     
9314924193,C,,5/8/2013,6/20/2013,FUTURE ELECTRONICS-CAP        
9314930786,C,,5/8/2013,6/20/2013,FRUITS ET PASSION             
9314942344,C,,5/8/2013,6/20/2013,CAP-QUEBEC                    
9315011487,C,,5/8/2013,6/20/2013,BOUTIQUE GABY INC             
9315018219,C,,5/8/2013,6/20/2013,GRPE LES AILES DE LA MODE     
9315200569,C,,5/8/2013,6/20/2013,BIJOUTERIE SUISSE             
9315204686,C,,5/8/2013,6/20/2013,BIJOUTERIE L BOILY            
9316704924,C,,5/8/2013,6/20/2013,READER'S DIGEST ASSN          
9320001010,C,,5/8/2013,6/20/2013,ARTS AND HERITAGE             
9320037287,C,,5/8/2013,6/20/2013,PACIFIC YACHTING              
9320083901,C,,5/8/2013,6/20/2013,GS LTD                        
9320104509,C,,5/8/2013,6/20/2013,GRIZZLY MOTEL                 
9320138234,C,,5/8/2013,6/20/2013,RIBBONS RECYCLED              
9320179782,C,,5/8/2013,6/20/2013,ROYAL ANNE HOTEL              
9320235105,C,,5/8/2013,6/20/2013,FOUR SEASON'S MOTEL           
9320283766,C,,5/8/2013,6/20/2013,TONY ROMA'S                   
9320344030,C,,5/8/2013,6/20/2013,PANAGO PIZZA - CAP            
9320390975,C,,5/8/2013,6/20/2013,SPORT MART                    
9320396014,C,,5/8/2013,6/20/2013,FIRST CLASS CLEANERS #4       
9320397053,C,,5/8/2013,6/20/2013,"RED DEER, CALGARY WEST, D     "
9320496020,C,,5/8/2013,6/20/2013,BOSLEYS PET FOOD-CAP          
9320514905,C,,5/8/2013,6/20/2013,B&W INSURANCE CAP             
9320521934,C,,5/8/2013,6/20/2013,REDFERN ENTERPRISES LTD       
9320526149,C,,5/8/2013,6/20/2013,BLACKHAWK GOLF COURSE         
9320540942,C,,5/8/2013,6/20/2013,MARY BROWNS SPRINGDALE        
9320591952,C,,5/8/2013,6/20/2013,HALLMARK CARDS                
9320597934,C,,5/8/2013,6/20/2013,MARK'S WORK WEARHOUSE         
9320644199,C,,5/8/2013,6/20/2013,RIMEX SUPPLY ALBERTA LTD      
9320673511,C,,5/8/2013,6/20/2013,BUFFY'S LICENSED LIQUOR       
9320734545,C,,5/8/2013,6/20/2013,BOSTON PIZZA 190 DLVR         
9320774467,C,,5/8/2013,6/20/2013,KOCH FORD LINCOLN SALES       
9320775100,C,,5/8/2013,6/20/2013,FRIENDLY MIKE'S PUB           
9320784060,C,,5/8/2013,6/20/2013,WAWANESA - CORP CAP           
9320829030,C,,5/8/2013,6/20/2013,ABC COUNTRY RESTAURANT        
9320834865,C,,5/8/2013,6/20/2013,ANNAPOLIS ROYAL INN           
9320857130,C,,5/8/2013,6/20/2013,CASH OFFICE                   
9320877252,C,,5/8/2013,6/20/2013,TAYLOR FLOORING               
9320961148,C,,5/8/2013,6/20/2013,ADVANCE ELECTRONICS           
9320971162,C,,5/8/2013,6/20/2013,WESTERN BUDGET MOTELS RED     
9320975866,C,,5/8/2013,6/20/2013,SILVERSTONE JEWELLERY         
9320985246,C,,5/8/2013,6/20/2013,M S SOCIETY OF CANADA SAS     
9320995781,C,,5/8/2013,6/20/2013,CHOICES SEMINARS              
9321002454,C,,5/8/2013,6/20/2013,HOUSE OF MEI MEI              
9321027840,C,,5/8/2013,6/20/2013,THE CHIMNEY                   
9321040389,C,,5/8/2013,6/20/2013,GARDEN VIEW RESTAURANT        
9321134323,C,,5/8/2013,6/20/2013,GOTREKKERS                    
9321139090,C,,5/8/2013,6/20/2013,ALDEASA VANCOUVER             
9321174329,C,,5/8/2013,6/20/2013,LABOUR READY                  
9321202724,C,,5/8/2013,6/20/2013,PENFOLDS                      
9321207061,C,,5/8/2013,6/20/2013,WERK INDUSTRIES               
9321207798,C,,5/8/2013,6/20/2013,MARY BROWN'S FRIED CHICK      
9321216278,C,,5/8/2013,6/20/2013,FUTURE INN MONCTON            
9321236672,C,,5/8/2013,6/20/2013,M R F A                       
9321250756,C,,5/8/2013,6/20/2013,MUDDY WATERS MARINE PUB       
9321268964,C,,5/8/2013,6/20/2013,MAY GARDEN                    
9321296825,C,,5/8/2013,6/20/2013,SPIRIT RIDGE HOTEL            
9321342637,C,,5/8/2013,6/20/2013,TRUDEAU'S DRY CLEANERS 83     
9321342660,C,,5/8/2013,6/20/2013,PAGE THE CLEANERS             
9321357171,C,,5/8/2013,6/20/2013,O LEARY FAMERS CO OP          
9321421399,C,,5/8/2013,6/20/2013,BURGER KING                   
9321450653,C,,5/8/2013,6/20/2013,SYDNEY'S VIDEO-ASHBY BRAN     
9321520554,C,,5/8/2013,6/20/2013,CANADIAN CANCER SOCIETY       
9321576440,C,,5/8/2013,6/20/2013,BUFFALO AIR EXPRESS - EDM     
9321596968,C,,5/8/2013,6/20/2013,NEIL GODIN INTERNATIONAL      
9321604028,C,,5/8/2013,6/20/2013,THE AUSSIE WESTERN WEAR-S     
9321604077,C,,5/8/2013,6/20/2013,HAVEN                         
9321699986,C,,5/8/2013,6/20/2013,LA COOPERATIVE DE CARAQUE     
9321746209,C,,5/8/2013,6/20/2013,CRYSTAL HEARING CENTRE LT     
9321808835,C,,5/8/2013,6/20/2013,KAMLOOPS FORD LINCOLN         
9321831787,C,,5/8/2013,6/20/2013,USA LIMOS.COM INC.            
9321860687,C,,5/8/2013,6/20/2013,CONWAY FLOWERS BLUE FIN G     
9321871247,C,,5/8/2013,6/20/2013,GREAT WEST EQUIPMENT          
9321884091,C,,5/8/2013,6/20/2013,SQUEEZY PILLOWS               
9321955826,C,,5/8/2013,6/20/2013,LUSHWEAR FASHION LTD          
9321956311,C,,5/8/2013,6/20/2013,M.C. FITNESS AND SPA INC.     
9321962186,C,,5/8/2013,6/20/2013,BWIRELESS                     
9321962806,C,,5/8/2013,6/20/2013,LE'S PHO RESTAURANT           
9321964133,C,,5/8/2013,6/20/2013,PROFESSIONAIL MARLBOROUGH     
9321966179,C,,5/8/2013,6/20/2013,CAP CONNECTION                
9321966807,C,,5/8/2013,6/20/2013,EAST END SERVICES             
9321983463,C,,5/8/2013,6/20/2013,LIQUOR STORE RMS              
9321986912,C,,5/8/2013,6/20/2013,LIQUOR STORES NORTH CC2       
9321986953,C,,5/8/2013,6/20/2013,LIQUOR STORES S CC3 BARN      
9321990104,C,,5/8/2013,6/20/2013,GRECO PIZZA/CAPTAIN SUB       
9321994163,C,,5/8/2013,6/20/2013,CANADA TAXRESOURCES INC       
9322002255,C,,5/8/2013,6/20/2013,SECOND CUP #09435# QFF        
9322016982,C,,5/8/2013,6/20/2013,SUPREME TRUCK & CAR WASH      
9322048084,C,,5/8/2013,6/20/2013,EDMONTON NUT & BOLT           
9322057747,C,,5/8/2013,6/20/2013,THE PROVINCIAL AUTISM CEN     
9322057762,C,,5/8/2013,6/20/2013,WILD MOUNTAIN JASPER          
9322064180,C,,5/8/2013,6/20/2013,SPECTRUM TEL                  
9322068546,C,,5/8/2013,6/20/2013,KRAMER LTD                    
9322068611,C,,5/8/2013,6/20/2013,PIZZA TWICE                   
9322073165,C,,5/8/2013,6/20/2013,BIG BUS VICTORIA.CA           
9322108458,C,,5/8/2013,6/20/2013,L W LAW JINKS                 
9322121345,C,,5/8/2013,6/20/2013,ISLAND TREASURES              
9322126385,C,,5/8/2013,6/20/2013,COAST CANADIAN INN            
9322155897,C,,5/8/2013,6/20/2013,HAMPTON INN & SUITES          
9322156465,C,,5/8/2013,6/20/2013,GOLD N TAN                    
9322160152,C,,5/8/2013,6/20/2013,AFFORDABLE SEW & VAC CENT     
9322164550,C,,5/8/2013,6/20/2013,CAPILANO PERFORMING ARTS      
9322174096,C,,5/8/2013,6/20/2013,CHRISTIAN LIFE ASSEMBLY       
9322182891,C,,5/8/2013,6/20/2013,CML-PALLISER                  
9322184673,C,,5/8/2013,6/20/2013,LIBERTY TAX SERVICE           
9322189334,C,,5/8/2013,6/20/2013,R L FULTON EQUIPMENT LTD      
9322191769,C,,5/8/2013,6/20/2013,ROXIES                        
9322203168,C,,5/8/2013,6/20/2013,DAIRYTOWN VETERINARY HOSP     
9322216038,C,,5/8/2013,6/20/2013,STANLEY ACCESS TECHNOLOGI     
9322235590,C,,5/8/2013,6/20/2013,NECCS (GENESIS CENTRE)        
9322237067,C,,5/8/2013,6/20/2013,MAX QUIP                      
9322241952,C,,5/8/2013,6/20/2013,OPENBOX CO                    
9322250516,C,,5/8/2013,6/20/2013,SCALLYWAGS                    
9322252124,C,,5/8/2013,6/20/2013,TANTRAMAR CHEVROLET BUICK     
9322268328,C,,5/8/2013,6/20/2013,COMFORT CLASSICS CLOTHING     
9322276578,C,,5/8/2013,6/20/2013,WEST COAST TICKETS            
9322277170,C,,5/8/2013,6/20/2013,MARGARETA                     
9322277832,C,,5/8/2013,6/20/2013,ANDREA KOSOLOFSKI TUPPERW     
9322277907,C,,5/8/2013,6/20/2013,SUDDEN IMPACT AUTOBODY        
9322279408,C,,5/8/2013,6/20/2013,MASON TAILORS                 
9322280059,C,,5/8/2013,6/20/2013,SUBWAY #11243                 
9322280786,C,,5/8/2013,6/20/2013,B A BEWMASTER                 
9322281420,C,,5/8/2013,6/20/2013,PROMISCUOUS NAILS             
9322282444,C,,5/8/2013,6/20/2013,HAULAWAY AND MORE INC         
9322283285,C,,5/8/2013,6/20/2013,HOME ELEGANCE DESIGN          
9322284911,C,,5/8/2013,6/20/2013,DYNAMIC FOOTWORKS             
9322285868,C,,5/8/2013,6/20/2013,BC MURPHY WALL BED LTD        
9322287914,C,,5/8/2013,6/20/2013,ECOLINE WINDOWS               
9322289175,C,,5/8/2013,6/20/2013,MAYFAIR TAXI                  
9322294563,C,,5/8/2013,6/20/2013,TARGET PARK                   
9322297103,C,,5/8/2013,6/20/2013,SUPERLOGOS                    
9322299406,C,,5/8/2013,6/20/2013,NATURALLY FIT                 
9322300402,C,,5/8/2013,6/20/2013,CENTRE STAGE DANCE INC.       
9322303406,C,,5/8/2013,6/20/2013,O'BRIENS CRAFTS               
9322305419,C,,5/8/2013,6/20/2013,VICTORIA EXECUTIVE CENTRE     
9322306680,C,,5/8/2013,6/20/2013,OPEN SEAS INSTRUMENTATION     
9322316150,C,,5/8/2013,6/20/2013,CDN MILITARY POLICE KIT       
9322321564,C,,5/8/2013,6/20/2013,THE GREEN APPLE WELLNESS      
9322343527,C,,5/8/2013,6/20/2013,E-LICENSING BC                
9322344301,C,,5/8/2013,6/20/2013,ROCKY'S PIZZA                 
9322348575,C,,5/8/2013,6/20/2013,BK TWO-WAY RADIO              
9322348658,C,,5/8/2013,6/20/2013,ISLAND MEDIQUIP LTD           
9322356164,C,,5/8/2013,6/20/2013,CNA-BAY ST. GEORGE            
9322356362,C,,5/8/2013,6/20/2013,BROWNS SOCIAL HOUSE PANOR     
9322357949,C,,5/8/2013,6/20/2013,GUDRUN TASTING ROOM           
9322358558,C,,5/8/2013,6/20/2013,GBS COMMUNICATIONS INC.       
9322359762,C,,5/8/2013,6/20/2013,SUN ELECTRIC (1975) LTD.      
9322364580,C,,5/8/2013,6/20/2013,COASTAL DOOR & FRAME INC      
9322365512,C,,5/8/2013,6/20/2013,BIOSCRIPT PHARMACY LTD        
9322376493,C,,5/8/2013,6/20/2013,THE AUSSIE STORE              
9322385676,C,,5/8/2013,6/20/2013,SWISS CHALET #1198            
9322392425,C,,5/8/2013,6/20/2013,VIVID CONCEPTS                
9322392458,C,,5/8/2013,6/20/2013,OMA'S BAKE SHOP               
9322397390,C,,5/8/2013,6/20/2013,FOUR POINTS CALG AIRPORT      
9322398323,C,,5/8/2013,6/20/2013,PREDATOR RIDGE                
9322401697,C,,5/8/2013,6/20/2013,CLEAN SPOT INC                
9322401879,C,,5/8/2013,6/20/2013,BIKRAM HOT YOGA               
9322409690,C,,5/8/2013,6/20/2013,ROSEMAN CORP.                 
9322413692,C,,5/8/2013,6/20/2013,COLLEGE OF LICENSED PRACT     
9322429482,C,,5/8/2013,6/20/2013,STANHOPE BEACH RESORT         
9322432783,C,,5/8/2013,6/20/2013,CITY STARS                    
9322433682,C,,5/8/2013,6/20/2013,KOOTENAY RIVER RUNNERS        
9322437865,C,,5/8/2013,6/20/2013,THE MALECON WORLD FOOD        
9322438731,C,,5/8/2013,6/20/2013,BOW RIVER HEARING             
9322451726,C,,5/8/2013,6/20/2013,ALLSTAR VIDEO & MORE          
9322466807,C,,5/8/2013,6/20/2013,CLANCYS EATERY AND DRINK      
9322468241,C,,5/8/2013,6/20/2013,CAFE NUBA                     
9322472672,C,,5/8/2013,6/20/2013,SMOKIN LEN'S HOTEL            
9322490955,C,,5/8/2013,6/20/2013,WEQ PRODUCTION EQUIPMENT      
9322493710,C,,5/8/2013,6/20/2013,COBRA INTEGRATED SYSTEMS      
9322500597,C,,5/8/2013,6/20/2013,WHEELER ACCESSORIES           
9322502106,C,,5/8/2013,6/20/2013,REMAX INTERNATIONAL INC       
9322503781,C,,5/8/2013,6/20/2013,PROVENCHER FAMILY CHIROPR     
9322523813,C,,5/8/2013,6/20/2013,METAL SUPERMARKETS LANGLE     
9322525008,C,,5/8/2013,6/20/2013,BELLA VISTA                   
9322530081,C,,5/8/2013,6/20/2013,GYLDI'S PIZZA                 
9322534430,C,,5/8/2013,6/20/2013,GROWER DIRECT                 
9322547572,C,,5/8/2013,6/20/2013,GOLF USA PRINCE ALBERT        
9322548570,C,,5/8/2013,6/20/2013,FREDDY'S BREWPUB              
9322550311,C,,5/8/2013,6/20/2013,WALDORF HOTEL                 
9322555823,C,,5/8/2013,6/20/2013,FRANS' FLOWERS COQUI. CEN     
9322558124,C,,5/8/2013,6/20/2013,DOMINO'S PIZZA #10202         
9322558140,C,,5/8/2013,6/20/2013,DOMINO'S PIZZA #10206         
9322559239,C,,5/8/2013,6/20/2013,PAPA JOHN'S PIZZA             
9322559254,C,,5/8/2013,6/20/2013,CENTENNIAL CARSTAR COLLIS     
9322560153,C,,5/8/2013,6/20/2013,DOMINO'S PIZZA #10016         
9322560195,C,,5/8/2013,6/20/2013,DOMINO'S PIZZA #10038         
9322566515,C,,5/8/2013,6/20/2013,INNOVATIVE MEDICAL SUPPLI     
9322567620,C,,5/8/2013,6/20/2013,SALMO HOTEL                   
9322585549,C,,5/8/2013,6/20/2013,LISA'S STUDIO 10              
9322608416,C,,5/8/2013,6/20/2013,FIVE GUYS BURGERS & FRIES     
9322609646,C,,5/8/2013,6/20/2013,FLYINS TRUCK WASH             
9322611253,C,,5/8/2013,6/20/2013,NEW CAR DEALERS OF BC         
9322620957,C,,5/8/2013,6/20/2013,SMILES DENTAL GROUP- SPRU     
9322622573,C,,5/8/2013,6/20/2013,MARITIME MEDICAL CARE         
9322629743,C,,5/8/2013,6/20/2013,REGUS BUS CTRE CDA LTD        
9322629891,C,,5/8/2013,6/20/2013,SUBWAY - CAP                  
9322645582,C,,5/8/2013,6/20/2013,BRENTAX                       
9322665408,C,,5/8/2013,6/20/2013,JOHNSON'S GROCERY MARKET      
9322665424,C,,5/8/2013,6/20/2013,LIFESTYLES FITNESS            
9322682932,C,,5/8/2013,6/20/2013,DELUXE FRENCH FRIES           
9322687568,C,,5/8/2013,6/20/2013,BOYD DISTRIBUTORS INC.        
9322692907,C,,5/8/2013,6/20/2013,OBASAN                        
9322700015,C,,5/8/2013,6/20/2013,AIR CANADA                    
9322700809,C,,5/8/2013,6/20/2013,QANTAS AIRWAYS                
9322702086,C,,5/8/2013,6/20/2013,JESSY'S PIZZA - NEW MINAS     
9322715245,C,,5/8/2013,6/20/2013,A&W RESTAURANT                
9322716037,C,,5/8/2013,6/20/2013,ENFORM CANADA                 
9322717258,C,,5/8/2013,6/20/2013,GRANT THORNTON LLP            
9322718660,C,,5/8/2013,6/20/2013,BUDDIES NATURAL PET FOOD      
9322719056,C,,5/8/2013,6/20/2013,J & S SNACKS                  
9322730434,C,,5/8/2013,6/20/2013,GEEP ALBERTA INC.             
9322730459,C,,5/8/2013,6/20/2013,QUALITY INN                   
9322747917,C,,5/8/2013,6/20/2013,EDO JAPAN                     
9322756678,C,,5/8/2013,6/20/2013,BECUZ U.R.U. BOUTIQUE         
9322757254,C,,5/8/2013,6/20/2013,WELLINGTON PIZZA AND SEAF     
9322768491,C,,5/8/2013,6/20/2013,LITTLE CAESARS                
9322771115,C,,5/8/2013,6/20/2013,TSAWWASSEN SPRINGS GOLF-P     
9322775215,C,,5/8/2013,6/20/2013,SWISS CHALET #1228            
9322781320,C,,5/8/2013,6/20/2013,OTV TECHNOLOGIES LTD          
9322783631,C,,5/8/2013,6/20/2013,BLIND BAY RESORT LTD          
9322785875,C,,5/8/2013,6/20/2013,COWICHAN SOUND & CELLULAR     
9322786253,C,,5/8/2013,6/20/2013,NORTH SHORE CAR WASH          
9322792046,C,,5/8/2013,6/20/2013,JIM'S CLOTHES CLOSET LTD      
9322793879,C,,5/8/2013,6/20/2013,DOMINO'S PIZZA #10146#        
9322799140,C,,5/8/2013,6/20/2013,CLICKHEAT                     
9322802662,C,,5/8/2013,6/20/2013,SOUTH COWICHAN EYECARE        
9322808651,C,,5/8/2013,6/20/2013,UNIGLOBE TRAVEL WESTERN       
9322831372,C,,5/8/2013,6/20/2013,CLICKHEAT                     
9322844441,C,,5/8/2013,6/20/2013,BACK TO BASICS PHYSIOTHER     
9322844722,C,,5/8/2013,6/20/2013,FIVE GUYS BURGERS & FRIES     
9322852477,C,,5/8/2013,6/20/2013,THE JAVA HUT BAKERY & CAF     
9322853970,C,,5/8/2013,6/20/2013,AGRO CAFE                     
9322856437,C,,5/8/2013,6/20/2013,AVANTI FIREWORKS              
9322876617,C,,5/8/2013,6/20/2013,DELUXE FRENCH FRIES           
9322890162,C,,5/8/2013,6/20/2013,NATIONAL FIRE EQUIPMENT       
9322895781,C,,5/8/2013,6/20/2013,CLUB FITNESS                  
9322896359,C,,5/8/2013,6/20/2013,SUPERIOR WASH INC             
9322907669,C,,5/8/2013,6/20/2013,FALCON LAKE RESORT HOTEL      
9322916009,C,,5/8/2013,6/20/2013,GREAT CLIPS                   
9322916058,C,,5/8/2013,6/20/2013,BIG ERICS INC                 
9322922353,C,,5/8/2013,6/20/2013,PRATTS FOOD SERVICE (ALBE     
9322925042,C,,5/8/2013,6/20/2013,JOURNEYS #835015              
9322950255,C,,5/8/2013,6/20/2013,ICEBERG QUEST OCEAN TOURS     
9322956575,C,,5/8/2013,6/20/2013,FIVE GUYS BURGERS & FRIES     
9322968844,C,,5/8/2013,6/20/2013,GAMMA DYNACARE W4             
9323026139,C,,5/8/2013,6/20/2013,ATLANTIC CELL PHONE REPAI     
9323029653,C,,5/8/2013,6/20/2013,THE WINE SHOP                 
9323031642,C,,5/8/2013,6/20/2013,KWIK WAY # 206216             
9323034505,C,,5/8/2013,6/20/2013,ARLENE'S INTERIORS            
9324100008,C,,5/8/2013,6/20/2013,FTD                           
9324401141,C,,5/8/2013,6/20/2013,NORTH ATLANTIC PETROLEUM      
9324402859,C,,5/8/2013,6/20/2013,COHEN'S HOME FURNISHING       
9324470427,C,,5/8/2013,6/20/2013,THE TRUCK OUTFITTERS INC      
9324700864,C,,5/8/2013,6/20/2013,CALGARY CO-OP CAP             
9324701680,C,,5/8/2013,6/20/2013,PACIFIC NORTHWEST GARDEN      
9324717074,C,,5/8/2013,6/20/2013,WALLS ALIVE EDMONTON LTD      
9324747071,C,,5/8/2013,6/20/2013,WEST END GALLERY              
9324774877,C,,5/8/2013,6/20/2013,IMAGE SHOES LTD               
9324787747,C,,5/8/2013,6/20/2013,THE PHONE EXPERTS COMMUNI     
9324792168,C,,5/8/2013,6/20/2013,GORGE AUTO SUPPLY LTD         
9324811570,C,,5/8/2013,6/20/2013,PROFESSIONAL SKATE SVC        
9324812230,C,,5/8/2013,6/20/2013,SHELDON'S                     
9324813089,C,,5/8/2013,6/20/2013,OAK HALL LTD                  
9324822445,C,,5/8/2013,6/20/2013,YONGE ST SPECIALTY WEAR       
9324823484,C,,5/8/2013,6/20/2013,GOLDEN CLIPPER 107            
9324850628,C,,5/8/2013,6/20/2013,GENERAL FASTENERS HO          
9324861419,C,,5/8/2013,6/20/2013,PROGRESS GLASS CO LTD         
9324914895,C,,5/8/2013,6/20/2013,VIMRIDGE WATER TREATMENT      
9324916296,C,,5/8/2013,6/20/2013,COLWELL BROTHERS              
9324918359,C,,5/8/2013,6/20/2013,LOUNSBURY                     
9324953794,C,,5/8/2013,6/20/2013,DALHOUSIE                     
9324978791,C,,5/8/2013,6/20/2013,WHAT'S IN STORE               
9324984278,C,,5/8/2013,6/20/2013,COMPUTER DISTRIBUTORS CAN     
9325204346,C,,5/8/2013,6/20/2013,INDEPENDENT JEWELLERS         
9325215649,C,,5/8/2013,6/20/2013,KING'S FINE JEWELLERY         
9325216449,C,,5/8/2013,6/20/2013,ALTEEN BROTHERS               
9325218304,C,,5/8/2013,6/20/2013,THE GOLD ROOM LTD             
9325401686,C,,5/8/2013,6/20/2013,QUINN THE ESKIMO              
9325515477,C,,5/8/2013,6/20/2013,SANDPIPER GOLF/CNTRY CLUB     
9325536028,C,,5/8/2013,6/20/2013,AT HOME                       
9325561729,C,,5/8/2013,6/20/2013,GRIFFIN SPORT &SKI SHP LT     
9325564343,C,,5/8/2013,6/20/2013,BOOKINGHAM PALACE BOOKSTR     
9325582287,C,,5/8/2013,6/20/2013,S A V                         
9325589118,C,,5/8/2013,6/20/2013,PARKER'S MATTRESS FAC INC     
9325615855,C,,5/8/2013,6/20/2013,TIME & GOLD SHOPS LTD         
9325656099,C,,5/8/2013,6/20/2013,SHIPPERS SUPPLY INC. EDM.     
9325717693,C,,5/8/2013,6/20/2013,ALIANT TELECOM INC NS         
9325803105,C,,5/8/2013,6/20/2013,ATLANTIC TRACTORS             
9325832575,C,,5/8/2013,6/20/2013,ROCKY MNTN CHOCOLATE FCTY     
9325899210,C,,5/8/2013,6/20/2013,BEALES BAILIWICK LTD          
9325908599,C,,5/8/2013,6/20/2013,CANUCKS TEAM STORE            
9325909761,C,,5/8/2013,6/20/2013,LIMO JET GOLD EXPRESS LTD     
9325964014,C,,5/8/2013,6/20/2013,SPORT CHEK                    
9326207124,C,,5/8/2013,6/20/2013,HICKMAN MOTORS LTD            
9326513158,C,,5/8/2013,6/20/2013,HERITAGE MEMORIAL - CAP       
9326652022,C,,5/8/2013,6/20/2013,TWIN LAKES GOLF PRO SHOP      
9326658664,C,,5/8/2013,6/20/2013,COLLEGE OF THE NORTH ALTA     
9326661957,C,,5/8/2013,6/20/2013,RILEY'S-SOUTH BRANCH          
9326917573,C,,5/8/2013,6/20/2013,HALIFAX REG MUNICIPALITY      
9326936714,C,,5/8/2013,6/20/2013,RSC CANADA                    
9302513073,C,,5/8/2013,6/20/2013,CHERRY HILL PHOTO #0277       
9302817086,C,,5/8/2013,6/20/2013,COOLIGAN MARTIAL ARTS AND     
9302824280,C,,5/8/2013,6/20/2013,GODERICH TOYOTA               
9302991279,C,,5/8/2013,6/20/2013,THE TEN SPOT                  
9303028246,C,,5/8/2013,6/20/2013,MARKHAM IMAGING CONSULTAN     
9303030283,C,,5/8/2013,6/20/2013,DATE COM                      
9303030374,C,,5/8/2013,6/20/2013,MATCHMAKER COM                
9303035696,C,,5/8/2013,6/20/2013,HEALTHY BEGINNINGS CHIROP     
9303036744,C,,5/8/2013,6/20/2013,ROYAL HAMILTON YACHT CLUB     
9303044201,C,,5/8/2013,6/20/2013,TORONTO GENERAL HOSPITAL      
9303048657,C,,5/8/2013,6/20/2013,MITLA                         
9303065107,C,,5/8/2013,6/20/2013,LUBENGO                       
9303065115,C,,5/8/2013,6/20/2013,LUBENGO                       
9303301858,C,,5/8/2013,6/20/2013,CAMBRIDGE HOTEL & CONFERE     
9310618344,C,,5/8/2013,6/20/2013,STATIONNEMENT SAFEWAY         
9311155692,C,,5/8/2013,6/20/2013,HENRY AUDET                   
9322483786,C,,5/8/2013,6/20/2013,JOHNSTON & MURPHY FACTORY     
9322794950,C,,5/8/2013,6/20/2013,JOURNEYS #835023              
9322813289,C,,5/8/2013,6/20/2013,GLASS RESTAURANT & LOUNGE     
9322815003,C,,5/8/2013,6/20/2013,LIDS #307718                  
9322817231,C,,5/8/2013,6/20/2013,CLICKHEAT                     
9322817272,C,,5/8/2013,6/20/2013,WESTWARD PARTS SERVICES       
9322820524,C,,5/8/2013,6/20/2013,SUBWAY 11162                  
9323047200,C,,5/8/2013,6/20/2013,LUXURY FIRST HOTEL AND SP     
9323051103,C,,5/8/2013,6/20/2013,SOUL OF HALLOWEEN             
9323052218,C,,5/8/2013,6/20/2013,JARGE'S PUB                   
9323081522,C,,5/8/2013,6/20/2013,SUBWAY                        
9323102807,C,,5/8/2013,6/20/2013,CAREZEN                       
9323106543,C,,5/8/2013,6/20/2013,RIVERVIEW ANIMAL HOSPITAL     
9325216324,C,,5/8/2013,6/20/2013,ALTEEN'S JEWELLERS            
9325700889,C,,5/8/2013,6/20/2013,COSTCO WHOLESALE              
9302879813,C,,5/8/2013,6/20/2013,DOMINOS PIZZA #10290          
9302883997,C,,5/8/2013,6/20/2013,MEENA CLEANERS                
9303077714,C,,5/8/2013,6/20/2013,PUBLIC MOBILE                 
9303115423,C,,5/8/2013,6/20/2013,PROPANE LEVAC                 
9303120449,C,,5/8/2013,6/20/2013,REPRODUX                      
9303120720,C,,5/8/2013,6/20/2013,RSA PET INSURANCE             
9303120803,C,,5/8/2013,6/20/2013,MELONHEAD CORPORATION         
9303121025,C,,5/8/2013,6/20/2013,WHIRLPOOL CANADA              
9303122858,C,,5/8/2013,6/20/2013,GCW CUSTOM KITCHEN AND CA     
9303124797,C,,5/8/2013,6/20/2013,STATE FARM                    
9303124839,C,,5/8/2013,6/20/2013,DIRECTBUY                     
9303125281,C,,5/8/2013,6/20/2013,MITSUBISHI MATERIALS USA      
9303125380,C,,5/8/2013,6/20/2013,KOTT LUMBER COMPANY           
9303126164,C,,5/8/2013,6/20/2013,TEMPLAR HOTEL                 
9303126974,C,,5/8/2013,6/20/2013,TRICORBRAUN CANADA            
9303127287,C,,5/8/2013,6/20/2013,TEST CANADA CAP 2 LOCATIO     
9303127378,C,,5/8/2013,6/20/2013,TEST CANADA FRANCHISE 2 L     
9303127634,C,,5/8/2013,6/20/2013,MATTHEWS CANADA LTD           
9303128681,C,,5/8/2013,6/20/2013,BALZAC'S COFFEE               
9303128962,C,,5/8/2013,6/20/2013,HEARING SOLUTIONS             
9303129143,C,,5/8/2013,6/20/2013,ST JOHNS KILMARNOCK SCHOO     
9303129689,C,,5/8/2013,6/20/2013,BECTON DICKINSON CANADA I     
9303129929,C,,5/8/2013,6/20/2013,ONTARIO BRAIN INJURY ASSO     
9303129986,C,,5/8/2013,6/20/2013,ROUTES CAR & TRUCK RENTAL     
9303130331,C,,5/8/2013,6/20/2013,TALBOT MARKETING              
9303131487,C,,5/8/2013,6/20/2013,YORKVILLE INSTITUTE OF PL     
9303131529,C,,5/8/2013,6/20/2013,AEI CANADA INC                
9303132956,C,,5/8/2013,6/20/2013,DALE STREIMAN AND KURZ LL     
9303135090,C,,5/8/2013,6/20/2013,CANADIAN BUSINESS COLLEGE     
9303137021,C,,5/8/2013,6/20/2013,FUNDRAISING INITIATIVES       
9303137773,C,,5/8/2013,6/20/2013,ENDEAVOUR MARKETING           
9310975736,C,,5/8/2013,6/20/2013,PRILLO FURNITURES             
9310976262,C,,5/8/2013,6/20/2013,FAMILIPRIX LAVOIE ET LAPO     
9310976692,C,,5/8/2013,6/20/2013,MCKESSON HEALTH MANAGEMEN     
9310976957,C,,5/8/2013,6/20/2013,MINISTERES&ORGANISMES AUT     
9310977278,C,,5/8/2013,6/20/2013,EXP-AIR CARGO LTEE            
9310977963,C,,5/8/2013,6/20/2013,ENTREPRISES POL R             
9310978839,C,,5/8/2013,6/20/2013,PHARMACIE SABOURIN ET LAB     
9310978904,C,,5/8/2013,6/20/2013,LES ENFANTS TERRIBLES         
9310979167,C,,5/8/2013,6/20/2013,HUO CUISINE CHINOISE          
9310979639,C,,5/8/2013,6/20/2013,SUB SOMETCO INC               
9310979746,C,,5/8/2013,6/20/2013,LUXE RENTALS                  
9310979993,C,,5/8/2013,6/20/2013,SIXTY CANADA TRADING INC      
9310980959,C,,5/8/2013,6/20/2013,LIMOUSINE EXPRESS MONT TR     
9310981213,C,,5/8/2013,6/20/2013,B2B2C                         
9310981965,C,,5/8/2013,6/20/2013,CORP SALLE ANDRE MATHIEU      
9310981973,C,,5/8/2013,6/20/2013,CORP SALLE ANDRE MATHIEU      
9310982179,C,,5/8/2013,6/20/2013,ECOMMERCE THYME MATERNITY     
9323120486,C,,5/8/2013,6/20/2013,GRECO PIZZA                   
9323126376,C,,5/8/2013,6/20/2013,ARDROSSAN SOCCER CLUB         
9323127762,C,,5/8/2013,6/20/2013,RED DEER CITY SOCCER ASSO     
9323127994,C,,5/8/2013,6/20/2013,ROSEMAN CORP.                 
9323128083,C,,5/8/2013,6/20/2013,ROSEMAN CORP                  
9323128877,C,,5/8/2013,6/20/2013,REDFISH KIDS CLOTHING         
9323129792,C,,5/8/2013,6/20/2013,MACLEOD HIGHLAND OUTFIT       
9323130030,C,,5/8/2013,6/20/2013,ARMADA INN MOTEL              
9323130337,C,,5/8/2013,6/20/2013,THE FLYING PIG                
9323130436,C,,5/8/2013,6/20/2013,METALSMITH MASTER ARCHITE     
9323132259,C,,5/8/2013,6/20/2013,EZTIX EVENT TICKETING         
9323132267,C,,5/8/2013,6/20/2013,EZTIX EVENT TICKETING         
9323132895,C,,5/8/2013,6/20/2013,SWISS CHALET #1270            
9323134263,C,,5/8/2013,6/20/2013,ESSENTIQUE SPA SALON          
9323135013,C,,5/8/2013,6/20/2013,BAKERS NARROWS LODGE          
9323135153,C,,5/8/2013,6/20/2013,BATTERY WORLD (ALBERTA) I     
9323135997,C,,5/8/2013,6/20/2013,FIVE GUYS BURGERS & FRIES     
9323137886,C,,5/8/2013,6/20/2013,KADAM INC                     
9323138280,C,,5/8/2013,6/20/2013,FUNKTIONAL SLEEP SOLUTION     
9323138892,C,,5/8/2013,6/20/2013,WEST POINT GREY ACADEMY       
9323142373,C,,5/8/2013,6/20/2013,CLEARVIEW DOG AND CAT HOS     
9323142969,C,,5/8/2013,6/20/2013,JAMES WSTRN STAR TRUCK AN     
9323143637,C,,5/8/2013,6/20/2013,JAMES WESTERN STAR            
9323145418,C,,5/8/2013,6/20/2013,NEWALTA                       
9323146267,C,,5/8/2013,6/20/2013,PARKSIDE HOTEL & SPA          
9323146960,C,,5/8/2013,6/20/2013,QEII HEALTH SCIENCE CENTE     
9323147596,C,,5/8/2013,6/20/2013,A BREAK IN TIME CAFFE         
9323147661,C,,5/8/2013,6/20/2013,PROVINCIAL SLEEP GROUP        
9323147984,C,,5/8/2013,6/20/2013,WESTERN STAR INN AND SUIT     
9323148917,C,,5/8/2013,6/20/2013,LEAVITT MACHINERY             
9323149253,C,,5/8/2013,6/20/2013,KELTIC LOGISTICS              
9323149485,C,,5/8/2013,6/20/2013,DICKS LUMBER                  
9323149493,C,,5/8/2013,6/20/2013,ELBOW SPRINGS SNACK SHACK     
9323151051,C,,5/8/2013,6/20/2013,SLICES PIZZA LTD              
9323151770,C,,5/8/2013,6/20/2013,GREEN DROP LAWNS LTD          

